{
  "accuracy": 0.8647407690836043,
  "auc": 0.9490111110915902,
  "f1": 0.871897082804856,
  "eer": 0.12607572267774206,
  "eer_threshold": 0.780583381652832,
  "youden_threshold": 0.8386942148208618,
  "youden_j": 0.7548889564311453,
  "n_samples": 5227,
  "n_real": 2604,
  "n_fake": 2623
}