{
  "accuracy": 0.8992,
  "auc": 0.9658256049999999,
  "f1": 0.9028714588552708,
  "eer": 0.09594999999999998,
  "eer_threshold": 0.7327714562416077,
  "youden_threshold": 0.6904574632644653,
  "youden_j": 0.8112,
  "n_samples": 20000,
  "n_real": 10000,
  "n_fake": 10000
}