{
  "accuracy": 0.9064293915040184,
  "auc": 0.9695183671030332,
  "f1": 0.9101928374655648,
  "eer": 0.08821334191801036,
  "eer_threshold": 0.757824182510376,
  "youden_threshold": 0.7277671694755554,
  "youden_j": 0.8265910371460596,
  "n_samples": 5226,
  "n_real": 2603,
  "n_fake": 2623
}